score,selftext,subreddit,author,condition,is_arabic
2,ما تفاجأت من كلامك ابدا. اتمنى بالمستقبل تتنظف المدارس من هالاشكال.,SaudiForSaudis,882061,control,True
1,"مثثثلللكك!!!!!

اقسم بالله نفس وضعك بالضبط ونفس الفكره اني قلت برفع سعراتي وبعدها هجت معي

وصدق الله يقوينا ياررررب بس ابي حل انا",saudisinshape,796130,control,True
1,يوميا من ٧ الصبح الى ١٠ بالليل صدقني مابالغ يوم اقول لك نشبة اللي بتذكره فيه انه نشبة وبالعكس هالشي هذا يمكن يخليني انسى محاسن وهالشي هذا مابيه,SaudiProfessionals,517335,control,True
0,مستشفى الدمرداش مركز الدكتور أحمد عكاشة..ده اكتئاب..الكشف بمبلغ رمزي..تعالي و الحقي نفسك..,AlexandriaEgy,863450,anxiety,True
1,لو ارجع صغير واكون ارد على امي، لأنه كل اشي كانت تقولي إياه صار معي وكان معها حق وصابني اشياء لو اني رديت كان ما صابتني,jordan,923982,control,True
4,". 

بس اسيب كل الاحتمالات واتولد جاي في مصر في عيلة سلفية ده       حقيقي.",ExEgypt,692915,anxiety,True
24,"فيه مثل امريكي بيقول:  
""           ""

يعني لو الموضوع كويس بزيادة على انه يكون حقيقي، يبقى هو في الغالب كده فعلا (كويس بزيادة على انه يكون حقيقي يعني مش حقيقي)",Egypt,675506,control,True
11,عايز اسأل سؤال ممكن يكون غير أخلاقي بس حد عنده تجارب جنسيه وازاي أمن نفسي كويس من الأمراض او اني اتصور ويبتزني عموما واعيش رعب فتره من حياتي و يحصلي مصيبه وهكذا لو حد عنده تجارب او لو في حد هنا اصلا علطول بيمارس وعنده خبره ازاي اعرف ان الي عايز يمارس معايا ظابط مثلا او عنده ايدز كده يعني,ExEgypt,871260,adhd,True
1,الحساب قديم جديد ؟ تبند قبل هيك ؟ عملت حسابات ع نفس التلفون وصرت تحول بينهم توكنز ؟,jordan,618885,control,True
4,لو قرأت السطر الثاني من كلامي بتعرف اني ما جمعت و أيضًا قلت بأن العالم و ليس الغرب فقط ينظر لنا بهذه النظرة.,arabs,819911,control,True
149,"اسميه المتحرش اللطيف 
بكرا بيقولك بعيونك حزن انا افهمك و احس فيك 
ما عمري شفت انسانه مثلك عيونك فيها لمعه جذبتني  
انا اشوف سلكي ولا تتجاوبين بيحس ب الاحراج",SaudiForSaudis,923322,control,True
58,غلطت في حرارة الفرن فا القلب طلع طري زيادة عن المطلوب ولكن الطعم رائع رائع رائع,CAIRO,659639,control,True
2,انا فاهم بس قصدي هل مشكلتي في السفر هتبقا بسبب الجيش ولا الدولة؟,ExEgypt,917524,depression,True
1,"المتدينين بيعانوا من ادمان الاباحية زي الغير متدينين بالظبط. 

سجون العالم مليانة متدينين، فا فكك من الجو ده، مش فكرتين تلاتة انت حافظهم وبترددهم في دماغك اللي هيخلوا حياتك احسن او هيجيبولك سلام نفسي.",EgySexEducation,920333,control,True
1,انا بحب فيه انه رجل مثقف وعقلاني وبيتكلم بعمق. يا ريت كلنا نبقي اوروبيين ومثقفين,ExEgypt,752842,control,True
1,"هل سلوك (الحماس المفرط غير العقلاني لأي قضية او معتقد صاحبه لا يقبل الرأي المقابل و بيتعامل مع الرأي المخالف بعدم مرونه وممكن ينتج عنه رد فعل حاد أو هجومي أو عنيف) في المطلق أمر سيء؟ هل شايف انه مستحيل في أي قضية السلوك ده ممكن ينتج عنه نتائج إيجابية؟

لو شايف إن السلوك المذكور في المطلق أمر سيء/سلبي فانت بتقول إنه سيء لذاته زي مثلًا قاعدة ""الكذب دائمًا خطأ""، وده أنا أتفهّمه من منطلق لاعواقبي دي-أنطولوجي أو حتى فضائلي، لكن لو بتقول انك عواقبي وشايف إن السلوك المذكور مستحيل ينتج عنه أي نتائج ايجابية وفي حال نتج أمور إيجابيّة هل وقتها السلوك مش هيبقى (حماس مفرط غير عقلاني....)؟ ولا هيبقى نفس التعريف لكن وقتها هتطلق عليه اصطلاح تاني غير ""التعصب""؟

هل انت مشكلتك اصطلاحية؟ لو واحد مثلًا كذب علشان ينقذ حياة طفل، هل وقتها هنقول على الكذب اصطلاح تاني غير الكذب علشان المصطلح ده له دلالات سلبية؟",ExEgypt,200151,control,True
1,">عم بيتاخدوا أسرى بس الشرطى المصرى اتصرف من دماغه و لوحده

انا عارف انا مش بتهم الاسلام اصلا انل شايف قواعد الدين للحرب اكتر عدل من حاجات كتير، انا بس قصدي الناس الي بتقتل وتمثل بالجثث ده مش حرام ؟",EgyptExTomato,983612,depression,True
1,"شايفني بفطر كورن فلكس وبتعشي سوشي
مانا في ام البلد معاكوا",AlexandriaEgy,412634,control,True
21,"دا مكافئ القهوة البلدي الرخيصة عندنا بس اضافة ان عندهم متاح بيرة وكحوليات بس كوباية الشاي ام ١٠ جنيه المعفنة لسة عندهم برضو

انت بقى حواليك كام قهوة بلدي في المنطقة 

الموضوع ثقافي واجتماعي اكتر ما هو ديني، الحمدلله على نعمة الاسلام وكل حاجة بس وجود العدد دا لا يدل الا على الترابط الاجتماعي والثقافي عندهم وخصوصا في الماضي لان معظم الحانات دي قديمة، زي ما ناس الحارة كلها بتتجمع على القهوة البلدي",CAIRO,936034,control,True
1,حد صحبي جاب .% علمي علوم فعايز يعرف لو هيلحق طب بشري او اسنان في حلوان الاهليه,Egyptiandoctors,775305,control,True
5,"تموف اون من هدف ؟ افتكرتك تقصد من علاقة
طب وليه تموف أون من هدف.",ExEgypt,524382,control,True
1,"ياريت ترشحولنا اماكن نشتري منها واسعارها معقوله ولا عالية 
وكمان لو فيه اي نصايح في اختيار اللبس افيدونا وشكرا ️",masry,858085,depression,True
4,"سخن الفرن وحط اصبعك عليه وشف كان تحملت ثانيه هل يستاهل انك ممكن تتعذب بقبرك ويوم القيامه وفي جهنم عشان والله شهوه وترا الشهوه هذي لحظة لذة وتعقبها سنين حسره وندم واول ماتسويها اصلا بتحس بالندم وحرمان رزق وقلة توفيق وضعف ايمان يعني بتضيق على نفسك بالدنيا والاخرة هذا غير الامراض وانك ماراح تحصل اصلا علاقة بتكمل لنها علاقة ماترضي الله وتدري اصلا الشيطان وش هدفه انك تكفر بالله وهو ماراح بيخليك تكفر فجأة في شي اسمه خطوات الشيطان بيجيبك حبه حبه وايمانك بيضعف مره من كثرة الذنوب (كلا بل ران على قلوبهم ماكانوا يكسبون) توصل لدرجة الران ثم الختم ثم يقفل على قلبك اذا تتابعت الذنوب بدون توبة حقيقه وليست توبة كاذبه ان تقول بأترك الشيء وانت اصلا ماعندك لاعزم ولانيه صادقه انك تتركه ومن عقوبات الذنب ذنب يتلوه وعلى فكره استمرارك بالذنوب بيجيب لك عقوبات من الله زي ماذكرت وان كملت في غفلتك ونسيت ربك يتركك لنفسك عشان تزيد في الطغيان ثم يأخذك بغته الى عذاب اليم وهذا اشد من ان يبتليك في الدنيا (ولعذاب الاخرة اكبر) (فلما نسوا ماذكروا به فتحنا عليهم ابواب كل شيء حتى إذا فرحوا بما أوتوا اخذناهم بغتة فإذا هم مبلسون) ومن الجانب الدنيوي تدري انه اذا كنت في علاقه ورا علاقه ومع حرمه ورا حرمه اذا تزوجت ماراح ترتاح بيكون ودك تنوم مع هاذي وتكلم هاذي لأنك متعود انك تكلم مليون حرمه.

وتذكر ان من ترك شيئا لله عوضه الله خيرا منه ثق بالله وعوض الله كبير عوض ممن بيده خزائن الارض والسماء وتذكر (واما من خاف مقام ربه ونهى النفس عن الهوى فإن الجنة هي المأوى) (ولمن خاف مقام ربه جنتان) وتذكر حديث الرسول ان النصر مع الصبر وان مع العسر يسرا فلاتحسب ابدا انه الوضع بيكون كذا دايم اليسر والفرج بيجي ولو بعد حين خلك متأكد من هذا الشي دايم مع العسر يسر.",SaudiForSaudis,956060,control,True
2,انت حارقك اوي ليه الناس بتعمل ايه في اوض النوم؟ لا بجد؟ سؤال بسيط.,ExEgypt,703473,anxiety,True
7,مثلاً طبيعي الانسان يقضي حاجته لكن لو قضاها امام الناس بيكون الوضع مقزز ف البعض يشوف انه مو المكان المناسب حتى لو كان هذا شي طبيعي,SaudiForSaudis,251864,control,True
1,"مهو مفيش حد هيديك فلوس لسواد عيونك, محتاج يكون عندك شوية .
لو مش عايز تتعلم حاجة ممكن تنزل تقف كاشير في اي مكان.",Egypt,922250,control,True
3,قفله    اول حلقه بالسيزن الاول ما ادري ليش بس مره احبها,SaudiForSaudis,339531,adhd,True
4,لأ سيبك من سعيد عبده ده لامم حواليه شوية ناس بسيطة و بيضحك عليهم، ركز مع الكنيسة الأرثوذكسية نفسها اللي للأسف دكاترة و متعلمين و أغنياء بيتبعوها و مصدقين التخاريف بتاعتها,ExEgypt,190261,anxiety,True
12,"انا بحب اتفرج علي فديوهات السياح اللي بيجو بلدنا ولاحظت في الفديوهات العربية ان السايح العربي بيبقي ليه تخفيض او بيدفع زي المصري ومش فكل الاماكن بصراحة فيه فديو لسائحة في قلعة صلاح الدين دفعوها بتسعير الاجانب بس فديو تاني للمتحف المصري في التحرير مكتوب في يافطة تسعيرة موحدة للمصري والعربي ف ليه العربي يدفع زي المصري في الاماكن السياحية؟ مع ان المصري بيدفع زي الاجنبي في الاماكن السياحية في الدول العربية هل اللي بنعمله ده صح؟ بنخسر فلوس علي الفاضي حتي مش بناخد في مقابل ده تخفيض لما نسافر بلادهم ومين بدأ موضوع التخفيض للعرب ده اصلا؟ فرق سعر رهيب بين 30ج و300ج

[الصورة من فديو سائح جزائري بتاريخ   ]( ممكن تكون الاسعار اتغيرت.

[المتحف المصري بالتحرير](",Egypt,193185,control,True
1,الفضول لا غير لأن كل ما اسأل سؤال القى واحد بريديت سألها من ٨ سنين + اعجبتني فكرة الموقع إنه انت تسأل و ذوي المعرفة يجاوبون,AlexandriaEgy,854761,control,True
1,"أنا عارف يمكن حد قرا البوست بتاعي قبل كدا
بس فعلا أنا مش عارف اعمل ايه أنا تعبت أنا بدور علي واحده شديده قويه متحكمه
تبقي الراجل بتاعي تحكمني وتشكمني
هل فعلا موجوده ولا لا نفسي حد يجاوبني",EgySexEducation,922728,control,True
-5,"تأخر الأمم العربية ليه اسباب كثيره
منها الاقتصادي والاجتماعي والسياسي

ولكن الأسباب السياسية سببها الديكتاتورية وغياب الديموقراطية
مش مرتبطة بالعلمانية والاسلام بشكل مباشر",EgyptExTomato,182604,control,True
14,"هسة انت معترض على الي يكوله لو منصدم من مستواه الديني ؟ 
يعني والله ترا صدك علاقات محرمة وبالنسبة للايك ما يريد يكسب ذنب على الاغاني 
كلام صديقك مألوف الي
اتذكر مرة كلت لصديقي علاقات محرمة كفر بية ، شدعواكم عمي",Iraq,108860,control,True
10,"اول شرارة بنسبالي كانت فكرة الحجاب ان ليه الست محتاجه تتحجب و تستر نفسها و حتا حاجه زي شعرها اللي مش هيسبب اي انجذاب جنسي ليها تغطيه مع ان عوره الراجل فالإسلام بتبدأ من تحت السُره إلي فوق الرُكبه يعني هل لو راجل مهتم بجسمه و عنده عضلات و مشي فالشارع ب شورت مثلاً يستر عورته بس لسه مبين بقيت جسمه، هل ده مش هيفتن النساء؟!
بس و من هنا بقالي ٥ سنين ملحد",ExEgypt,603020,control,True
2,"والله يصاحبي اكتر من  فريم بالنسبالي مية مية فمبهتمش اني اقيس الفريمات الصراحة بس ذا ويتشر بتشتغل معايا على ٩٠ فريم تقريبا  و ريزدنت ايفل ٢ كنت بلعبها  على شاشة التلفزيون و فالورنت برضو بتوصل  فريم ، كل الالعاب بتشتغل على  وبفريمات عالية ومستقرة

العيوب بصراحة: المراوح صوتها ساعات بيبقى عالي فبضطر اعلي صوت اللعبة عشان اغطي على الصوت، سماعات اللاب صوتها حلو بس واطية شوية فبعليها ببرنامج اسمه ، الوان الشاشة لما جت كانت باهتة فظبطها من برنامج نيفديا وبقيت حلوة، البينج على الوايفاي سيء فلازم كابل لان لو بتلعب اونلاين

دي قناة واحد أجنبي معاه نفس اللاب بيجرب عليه كل الالعاب بس هوا مغير الstock  عشان بيقول بتدي زيادة في الفريمات %",EgyptTech,347212,control,True
1,ليش الرجال يعجبوا بالحريم ،وضعهم غريب ومبالغ فيه ، ولا عمري اعجبت برجل أو حتى ركزت معاه عشانه بس (رجل) ! شفت في التيك توك مدربة بتعطي دورة للرجال ولو تشوف تعابير وجههم وتركيزهم فظييع وأتوقع كله عشانها حرمة ، فليش الرجال كذا مع الحريم والله وضعهم غريب ، اوك فاهمين أنها فطرة بس أحس أنهم مبالغين في الإعجاب والاهتمام وياكثر المرات الي يعجبوا بشيء مايستحق الاعجاب بس لأنه الي يقدمه حرمه ! على عكس الحريم ماتشوفهم معجبين بالرجال لهذي الدرجة وقليل احد يعجب بشيء بس عشانه مرتبط برجل ! مرلت أقول ليش الرجل تعجبه ساق المرأة وممكن تفتنه وهيا مجرد ساق لحم وعظم يمشي فيها الدم يعني مافيه اي شيء مثير ! سبحان الخالق,SaudiForSaudis,110447,depression,True
3,مش فاهم ازاي المفروض الاقي بوزيشن عندهم ، يفضل انه يكون من البيت لانهم تقريبا الشركة الوحيدة اللي عندهم ريموت,EgyRemoteWorkers,377445,control,True
1,">ببساطة ولا ادعائي ولا ادعائك عليه دليل بربع جنية و القرآن هنا هو اللي عمل مغالطة منطقية بإنه اعتبر إن عدم مقدرة النمرود إنه يجيب الشمس من المغرب تعني إن ""الله"" هو اللي بيأتي بيها من المشرق،و دا أ ب مغالطات منطقية

هو انت شايف الموضوع من منظور القصة، لكن هو كان جدال بين ٢ واحد بيقول انا الإله و واحد بيقول انا رسول من الإله،  المفروض ان الإله الخالق يقدر يعمل حاجة زي انه يخلي الشمس تطلع من المغرب، و الا ميبقاش اله لو معندوش القدرة فلما النمرود مقدرش ،كده يبقى انتفت عنه صفة الألوهية، هل ده كده يثبتها بشكل عكسي لله، هتقول لا ، طب ليه النمرود مقالش كده ،  عشان لو طلب منه كده و حصل هيبقى إثبات انه كده و هيكون واضح للجميع ، لكن هو فضل يسكت و ميكملش المناظرة، لكن لو كان طلب كان حصل ، و خد بالك القرآن لو هو تأليف كان ممكن يدعي انه طلب و ان ربنا أتى فعلا بالشمس من المغرب لكن ده محصلش لانه بهت و محبش كدب يظهر للبلد كلها.",ExEgypt,463229,control,True
2,"متشكرة جدًا، 
معرفش إزاي دي حاجة تتطور، لو عندك اقتراحات أحب أسمعها.",ExEgypt,809164,control,True
11,حرفيا رحت ٥وظايف وكلها ماكملت فيها ، وحدة بس الي كملت فيها شهر اقصى مدة ، دحين قررت اني ما اقول لأصدقائي عن وظيفتي الجديدة الين ما استقر ان شاء الله ، بس اخاف يزعلوا او يشيلوا في خاطرهم او يقولوا اش معنى تخبي علينا ، صديق واحد بس الي قلت له عشان كنت خارج معاه ورايح معاه لمشوار ، فأخاف اذا عرفوا انو هذا بس الي يدري يحسبوني افضلوا عليهم او شيء ..,SaudiForSaudis,210202,depression,True
1,او مثلا ممكن تجالسين اطفال او تشتغلين بروضة او حضانة شوفي المتاح,jordan,929569,anxiety,True
1,"انت متكلمتش خالص عن المشكلة، هل المشكلة مع مراتك؟ مش بتسعدك؟ مش بتعرف تتكلم معاها؟

من كلامك رحت تكلم بنات وتجاوزت معاهم دى تصرفات مراهق. ف هل ست كمان دى اللى هتحل المشكلة؟ ولا نفس السيناريو هيحصل تاني؟ لانك مش بتعالج المشكلة.",AlexandriaEgy,620438,control,True
1,">بالنسبة لاهلنا في مصر وحبايبنا ادري اننا نمر بفترة فتنه لكن ما زال الود بيننا وحب، وان شاء الله تنقشع هذه الفتنه ونصبح احسن، وجميل برضه مشاركتك لوجهة نظرك عن اللي حاصل هناك.

ان شاء الله و ربي يحفظكم

>و صح عجبتني صورة سبايدرمان زرفتها

متغلاش عليك (انا سارقها)

الصورة الأخيرة دي ضحك خام",SaudiForSaudis,177295,control,True
13,عشان في الأول وفي الآخر هم أقلية والمجتمع المصري ازداد تشدد عن زمان فطبيعي يبقى في حساسية أكتر أكيد. ثم المسلمين حساسين أكتر من المسيحيين بمراحل. يعني انت عندك المحجبات في مصر (اللي هم أغلبية البنات المصرية) فاكرين انهم مضطهدين رغم انهم في بلد إسلامية. فتخيل بقى أقلية بحق وحقيقي بيتقال عليهم كفار وبيتشتموا ويتلعنوا يوميًا من الإسلاميين؟ طبيعي جدًا يبقى في حساسية خصوصًا إن الهزار في الدين غالباً بيبقى وراه إهانة أكتر من إنه هزار . عموماً ده رأيي (وانا مش مسيحية),ExEgypt,999058,anxiety,True
3,"كوني ما بدخن بالاردن شايفه  خخ
نسبة المدخنين عندنا فوق ال90% اعلى من اي بلد ثاني، ولما اخذنا عنها بالجامعه ما كان اي سبب مذكور ليش عندنا هل عالي فيعني ماحد عارف جواب انه ليش",jordan,537809,control,True
0,"اي مهاره قابله للاكتساب ودا حاجه اتعلمتها ومتاكد منها 
دايما الفنان الي بيشتغل ع نفسه وبيرسم كتير وبيعمل كد مش بدافع فطره او شغف فقط هيبق احسن من الي موهوب بالفطره وبس",EgyptArt,124271,control,True
5,يبني انت ظاخل علي كفار تقوللهم مستعر من اللغة,ExEgypt,369851,autism,True
1,وحوار  الدعاء ده يعني انت مستني اسرائيل تبطل تضرب فلسطين لمجرد ان اتنين مليار مسلم قاعدين ف المساجد بيدعوا ؟ خد بلاسباب,AlexandriaEgy,540784,control,True
105,هي بحيرة غامضة ومكتوبة بحيرة غامضة ودا سر محدش يعرفوا غير الناس كلها,Egypt,345364,control,True
-5,"شكلي محتاج اتعالج يا ريتني كنت اعرف اشوف النكت البضان زيك 

على الاقل بقيت بتخصي من نكت مسرح مصر لسه قدامي فتره",AlexandriaEgy,367785,control,True
1,كان سيتويشن شيب قديم يعم بس الموضوع بيعلق في دماغي كل فترة,AllHayganeen,796293,control,True
17,مليون خطوة في تلت شهور بقيت ساعات اتمشي بدل ما اركب لو حته قصيرة عشان اشوف حاجه مختلفة علي الاقل,No_Zero_Days,958926,adhd,True
1,بلدي طبعا وحتى الجسم يبقى بلدي كده كسم الحداثه احنا مش بنصور فيلم سكس,AllHayganeen,281327,control,True
2,"مش قصدي ياصحبي بس اقصد ان هما عايزين اتاسف وكدا بس العموم انا اعترفت بغلطي وحكيت ظروفي 
وسبت الشغل ومشيت شكرا ليك",AlexandriaEgy,306833,depression,True
0,"طول ١٧٦-١٧٧ سم يعتبر طويل بنسبه لكم ولا لا؟
وايه الفرق الى شيفينه مثالى بين الزوج زوجته بس مش عايز فرق بالارقام عايز اعرف هي توصل لكتفه للجزء التحتاني من وشه تحت كتفه كده",AlexandriaEgy,843252,control,True
1,"انا معتقدش ان عندي مشاكل نفسية الحمد لله، ولكن برده احيانا مش بقدر افهم حاجة بتتقال قدامي ودا مجرد شيء طبيعي، مجالات خبراتنا بتختلف، شوف اتنين دكاترة بيقلشو سوا وهتقول عُبط...ونفس الموضوع بالعكس ممكن اقول نكتة او أشير لحاجة معينة المفروض انها واضحة لكن مش بتفهم او على الأقل اللي قاعد معايا مش بيفهمني...

بالنسبة للأمراض زي  فهل في طبيب نفسي شخصك ولا حضرتك معتقد كده؟ لان نظرتك لنفسك مهمة جدا واعتقادك في نفسك بيتحول لحقيقة مع تعودك على الاعتقاد ده وايمانك بيه...شخص مكنش كسول ولا حاجة بس كان معتقد انه كسول فعلا مع الوقت هيبقى كسول ودي مش ظاهرة خارقة للطبيعة دي مجرد ....

شايف انك تدي نفسك فرص كتير اوي، مش لازم تتأقلم ولا حاجة، مفيش مانع انك تفضل فريد ومميز ومتستعملش كلمة مختلف لانها مش منصفة...متتجنبش الناس او تخاف تتعرف لان الانسان بدون العلاقات مجرد صدفة فارغة ودي طبيعتنا، قرب للناس اللي بتحبها اكتر وقوي علاقتك بيهم وابذل شوية جهد في تحسين حياتك زي انك تشد في مذاكرتك او شغلك وتنزل جيم وبدون ضغط، ابدأ واحدة واحدة ...الأهم من دا كله في نظري هي انك تقوي علاقتك بربنا، التزام بالصلاة في اوقاتها وصلاة السنة وسماع وقراءة القرآن والدعااااء الكتييييير أثرهم عظيم جدا ونا مجرب الكلام ده والله.",Askmasr,117384,control,True
1,هتلاقيهم بس في الغالب هتلاقي في عقبة انكم تكملوا زي ما حصل معايا,Misr,532586,control,True
2,مهي دي الفكرة انه العلم الي باللغة العربية فيه تحيز كبير فشخ+ علشان كده لو بالعربي كنت هقراء ادب وبلاغة وشعر بس لاكن مش تاريخ.,ExEgypt,181259,anxiety,True
1,حالي حالك تغيرت الخطة فبدل ما اروح اليابان رحت لدولة قريبة منها,saudiarabia,302292,control,True
1,"""تتوهم انك بقلب احدهم ،ثم يأتي موقف
يجعلك تضحك على سخافة ظنك . """,jordan,640002,control,True
2,مافهمت فقرة الدببه لكن قاعده تقارنين عربيات الرضع ب عربيات ذوي الاعاقه انتي غريبه يعني الفرق كبير واحد انتي تقارنين رضيع بشخص اكبر يعني هذا الشخص بيكون له ذكريات شي بيستمتع فيه وشي بيتذكره بعدين اما الرضيع وش بيتذكر وعلى العربيه عربه ذوي الاعاقه ينشاف الي قدامه السبب انها بالعرض عكس الرضع بالطول لان ما تلاحظ درجه القرب كانك تسوقين سياره ما تعرفين طول صدامها ولا عندك حساسات طبيعي تصدمين او تحكين صح ولا,SaudiForSaudis,284286,control,True
1,لو مفيش فرق كبير بين المرتبين ، روحي المكان الهادي,AlexandriaEgy,344563,control,True
1,"لا انت قاعد تشكي من وضع النساء مع الاطفال وكأن الاطفال فيهم شي

.#نطالب\_بحقوق\_الأطفال",SaudiForSaudis,554478,control,True
2,"حصل خير ممكن اكون شخصنتها شويه اعتذر، 
بس ده اسلوبي في المدح خصوصًا اني بقرف من اي حد خاصةً البنت اللي بتقلل من بنت فبتجنبه رغم ان فكرتي بردو صادقه بغض النظر عن اسلوب حديثي 
ممكن انت بتحب تكون بسيط في المدح عادي",Egypt,976643,control,True
1,"ايه الفايدة؟؟ انا واحد مهندس وفي شغلي بتعامل مع هنود واوروبيين وافارقة، هستفاد ايه من تعريب العلوم؟ بالعكس شغلي هيبقي اصعب ١٠٠ مرة.

هو العلم المفروض يسهل حياتنا ويخليها احسن، مش وسيلة للاعتزاز بالأصل واللغة ، والفشخرة.",CAIRO,880788,control,True
1,ما جبت شي من عندي، بس عادي، بالعكس,SaudiForSaudis,688131,control,True
1,ان الامل جهدٌ عمل و الجهد لا يضيع ... الامل جهدٌ عمل,jordan,192559,control,True
5,"اللي حماس عملته كان غلط وغبي وأنا مش بنكر ده 

بس ايه رأيك في اللي بيحصل قبل  اكتوبر على مدار سنين لحد النقطة دي، الناس دي كانت عايشة في سجن مفتوح ومعرض اي يوم جندي اسرائيلي يدخل بيتك ويقتلك من غير اي حساب حقيقي. جربت حظك مع كل الحلول الديبلوماسية ومش معترف بيك كدولة أصلا، اي حد في الظروف دي قدامه ايه تاني يتعمل؟

أنا برضو مش بقول اللي حماس عملته مبرر في قتل مدنيين بس هل هو سبب ل ?",ExEgypt,626920,control,True
2,"المهم عنده انه بيوصل المعنى المقصود وخلاص من وجهة نظره. 
العكس بقى لو كتب حاجة انجلش غلط و صححتهاله هتلاقيه تقبل الفكرة و بقى مركز جدا انه يكتبها او ينطقها صح، بس عشان الانجلش بيمثل برستيجة و مكانته قدام الناس و قد اية هو جامد فهيبقى واخد باله منه جامد لكن العربي عادي معندوش مشكلة انه يبقى اهبل مش عارف يكتب لغته الاصلية و لو حاول يقرا قصيدة او مقاله هيقرا كلمات كتير غلط.",Egypt,725678,control,True
1,هو الأحسن إن لو حد واجهك بالكلام اللي قولتيه تقولي إنها مجرد لحظة غضب و زلة لسان و قولي استغفر الله كتير,ExEgypt,689309,control,True
1,"غالبا ياشباب انا همشي بنسبه كبيره وبردو زميلي اللي معيا بردو هيمشي 
انا بس مستغرب من الناس دي لان انا وزميلي ده وقفنا معاهم كتير اوي وعملنا حاحات كتير معاهم متتقدرش بفلوس والله 
يلا حسبي الله ونعم الوكيل",AlexandriaEgy,584925,suicide,True
2,"طب متقعد تتكلم مع اخوك وتخليه يعمل اللي انت عملتو واقعد مع مرات ابوك وقولها اي حاجه اخويا يعملها كلميني انا وانا احلها.. 
خليك كبير واحتويهم وتوصلهم لحتت ان اي حاجه تحصل انا المسؤول وتعالو قولولي..
المفروض ابوك يبقي هوا اللي عنده الحته دي بس غالبا كده ابوك مش مهتم",EgyptExTomato,249317,control,True
44,"سندوتشات الجبنة الرومي السايحة هتغير حياتك
هتعالج اكتئابك
هتحسن علاقاتك
هتحسن حياتك الجنسية
علاقتك مع اهلك هتبقي حلوة
هتبطل السجاير
هتروح الجيم
كل دا من سندوتش الجبنة الرومي السايحة
الجبنة",ExEgypt,381519,autism,True
1,"أنت قولت حاجة هو مقالهاش هو قال بلاش دول الغرب عموما 
و الحادثة الي انت قولتها اكيد وحشة بس عموما مختلفة يعني اقصد مش هتبقي محاوط بناس بتكرهك زي الغرب او او او 
مش معني أن حادثة حصلت يبقي كلنا نهج
انا عايش في منطقة وحشة و شعبية بس لو خيرتني اروح بلد غربي امريكا او غيره و لا ابقي في مصر
هفضل هنا",EgyptExTomato,770225,depression,True
2,ماقد جربت غير  ك نت بيت، لكن اذا تبي نت جوال عن نفسي جربت شركات زي فيرجن و سلام و ياقوت و كان افضلهم من ناحية سعر و باقة ياقوت بالراحة، سلام هي الاسوء من الثلاث ذي لان خدمة العملاء حقتهم سيء و مرة قعدت احاول الغي رقم من عندهم ممكن ثلاث شهور، كل شهر يقولون تمام كنسلناه ثم الشهر الي بعد اشوف طالعة مديونية و على هذا المنوال…,SaudiForSaudis,301097,control,True
3,يغالي والله ريديت هو اللي مبيرداش يرفع الكومنت لو لقي مصطلحات زي اللي انا فاصلها وجربت ارفع الكومنت كذا مره ومترفعش فبضطر احطله فواصل....ماشي علي خطي امازون ف قمع حريه التعبير يالا هي جيت عليه,CAIRO,446495,depression,True
2,"انا كنت بحب القراية زمان و عايز الاقي حد بيحب القراية يشجعني ارجع - بحب الفيديو جيمز و اني اعرف الCulture بتاع بره سواء بقى اسمع اغاني اشوف افلام و مسلسلات الكلام ده
اصحابي بقى بيحبوا الكورة - يروجوا حجز كورة - يلعبوا فيفا - يشوفوا ماتشات - يشوفوا تيكتوكات ماتشات
اكتر حاجة كنت بحبها في وقت قبل كده كانت الالعاب بس جروبات الفيسبوك كلها شباب في اعدادي و انا مخلص كلية - لهم كل الاحترام بس الدماغ غير الدماغ",CAIRO,756153,control,True
3,"انا بتابعه لنفس السبب بس نقطه أن اليوتيوب مش المكان الي ناخد منه معلومات دي أمال منين ( بسأل بجد ) 
لأني شخصيا مش ببحث عن كل حاجه بسمعها منو أو من غيره ممكن بس لو الموضوع لفت انتباهي ابحث عنو غير كده بحس اني باخد المعلومه وخلاص",CAIRO,411879,control,True
1,كل واحد اتستر في حاجات و اتفضح في حاجات كلنا بمعني كلنا ، انت و نصيبك يعني,AlexandriaEgy,322412,control,True
2,بص بحس اني ساذج اصلا .. هي عارفه ان اهلي مش موافقين عليها ومصره تاجي هنا وكمان عاوزانا نعيش سوا وكل ما بقلها نسيب بعض تمسك فيا فشخ .. يسطا انا هلبس خازوق باين بس مش بسهوله بعرف اخد قرار زي دا وامشي,ExEgypt,821562,anxiety,True
1,"بعتذر على الكلام لكن مافي قدامي أي حل ثاني وقررت انشر يمكن حدا يساعد

 اختي طبيبة مُقيمة في المدينة الطبية وللأسف قرروا ينقلوها ل الزرقاء علمًا احنا سكان عمان والمسافة بعيدة جدًا وما معها سيارة ولا بتاخذ راتب بالعكس هي بتدفعلهم، و الوالد متوفي وانا متغرب والوالدة كبيرة و لحالها بالبيت

عرفت انه كل الدكاترة الموجودين مع اختي رفضوا ينقلوا ودبروها بالمعارف والواسطات واحنا للأسف ما عنا حدا يساعدنا لذلك بس هي الي بدهم يجبروها تنقل، هي حاولت تحكي مع المسؤول تفهمه وضعها لكن بهدلها وسمعها كلام غير لطيف

يمكن مش انسب طريقة بس قلت انشر هون يمكن في شخص ممكن يساعدها او ينصحنا لأنه والله العظيم مش عارفين نلاقي حل واختي كثير تأثرت من الموضوع لانها حست بالظلم وغياب السند",jordan,793158,control,True
8,"انا هشرحلك. انت مصري المصريين مش عرب العرب هم العيشين في شبه الجزيرة العربية. المصري الذي يعرف نفسه كعرب ده بسبب انحياز ديني. الفكره ان الشخص المصري الي يعرف نفسه كعرب العرب مش بيعرفو بيه كاعوبي بيقولوا عليه ""اعجمي"". و اللغة المصرين ده مش عربيييي ده اعجميي و الاعجمي حاجة شبه العوبي احنا مش بننطق حرف زي القاف.",ExEgypt,998345,control,True
0,حقيقي الدين معرفش ولا هيعرف يعمل اخلاق لاصحابه، الدين مجرد اداة عشان توصلوا بيها لايًا كان الهدف من استخدامه. لكن كاخلاقيات هو بلح. الراجل استأمن اخوه على ورثه و و وثق في اخوه كفاية انه يقوله انه لا ديني و في الاخر اخوه يستغل دا عشان يأذيه بحجة الدين و انت كل اللي فارق معاك اذا دا مناسب لمعايير العلمانيين؟ انت معندكش مشاكل اتنين اخوات يكرهوا بعض تمامًا و حياة واحد منهم تتأثر بالسلب عشان بس ترضي الكبرياء الوهمي اللي الدين مديهولك؟,EgyptExTomato,169827,control,True
2,حصلت معايا برضو بس كانت على فيسبوك شوفتها صدفه في الارع و بعدين روحت كلمتها طلعت هي فعلا، و من هنا بدأت القصه,CAIRO,740206,control,True
6,"> وغير كل ده انا قريت وعرفت ان الزواج بامراه في السن ده لا يجوز الا بموافقتها ، اذا هي موافقه وعارفه وهي بتعمل ايه

""تَزَوَّجَنِي النَّبيُّ صلَّى اللهُ عليه وسلَّمَ وأَنَا بنْتُ سِتِّ سِنِينَ، فَقَدِمْنَا المَدِينَةَ فَنَزَلْنَا في بَنِي الحَارِثِ بنِ خَزْرَجٍ، فَوُعِكْتُ فَتَمَرَّقَ شَعَرِي، فَوَفَى جُمَيْمَةً، فأتَتْنِي أُمِّي أُمُّ رُومَانَ وإنِّي لَفِي أُرْجُوحَةٍ، ومَعِي صَوَاحِبُ لِي، فَصَرَخَتْ بي، فأتَيْتُهَا لا أدْرِي ما تُرِيدُ بي، فأخَذَتْ بيَدِي حتَّى أوْقَفَتْنِي علَى بَابِ الدَّارِ وإنِّي لَأُنْهِجُ حتَّى سَكَنَ بَعْضُ نَفَسِي، ثُمَّ أخَذَتْ شيئًا مِن مَاءٍ فَمَسَحَتْ به وجْهِي ورَأْسِي، ثُمَّ أدْخَلَتْنِي الدَّارَ، فَإِذَا نِسْوَةٌ مِنَ الأنْصَارِ في البَيْتِ، فَقُلْنَ: علَى الخَيْرِ والبَرَكَةِ، وعلَى خَيْرِ طَائِرٍ، فأسْلَمَتْنِي إلَيْهِنَّ، فأصْلَحْنَ مِن شَأْنِي، فَلَمْ يَرُعْنِي إلَّا رَسولُ اللَّهِ صلَّى اللهُ عليه وسلَّمَ ضُحًى، فأسْلَمَتْنِي إلَيْهِ وأَنَا يَومَئذٍ بنْتُ تِسْعِ سِنِينَ.""

اقرأ الحديث ده، انت شايف ان هي كدة موافقة؟؟ ثم معلش يعني هو لو جيه أي طفل دلوقتي قال عايز أتجوز هل هتجوزه؟؟ لأ طبعا عشان ده طفل و مش فاهم هو بيقول ايه و مش فاهم الجواز عبار عن ايه

> وغير ان ده نبي يعني هو مش بيختار اي شخص كده وخلاص هو فعلا عارف بيختار مين وليه طبعا وحي من ربنا

و هو الإله كلي القدرة و كلي العلم مكنش لاقي طريقة أفضل من كدة ينشر بيها الدعوة؟؟ مكنش يعرف ان موضوع زواج من طفلة عندها  سنين هيبقى موضوع جدلي في المستقبل و عيبة في حق محمد؟؟",ExEgypt,938771,control,True
1,انا مبهدلتش حد معايا يسطى، واه اقدر على ايجار عادي,Askmasr,309494,control,True
2,نزلت يسطا كلهم فلاحين ولاد وس$خه  اعظم واحد فيهم معهد مص زب$ار  و الشغل حرفيا عبوديه و عشان رايح جديد بيتعاملو معايا اني غبي مش بيتعاملو معاك انك اول مره تعمل الحاجه,ExEgypt,223516,suicide,True
2,أنا لست سيئة جدا في العربية ،وان اوحى المنشور بذلك (كتبته على عجلة و لم أركز+الاوتوكركت)لقد قرأت الكثير من الكتب الادبية قبلا ككتب طه حسين و المنفلوطي الخ،لكن أريد تحسين كتابتي اكثر,arabic,273705,control,True
1,صراحة الحمدالله بعد معاناه طويلة من عدم تقبل ومهما اوصل ما افرح الى انه صرت استمتع بكل شي اسويه وقد ما اقدر ما اربط سعادتي بشي معين لانه مرهق نفسيا تحطي سعادتك في هدف بعيد,saudiarabia,544478,anxiety,True
2,اذا بالرياض توجه لأقرب فرع عندك تلقاهم طالبين قد دخلت فرعين وحاطين اعلانات انهم محتاجين,SaudiForSaudis,647083,control,True
2,انت متخيل ان شركه ف الموساد هتحول تحويلات بنكيه مرصوده يعني اظن الموضوع هيكون مستخبي عن كدا,Egypt,371096,control,True
21,ومره كنت داخل الحمام لقيت واحد مقلط قلوط كبير نييييييييك وطالع برا القعده افتكرته تعبان وقعدت اصوت للداده,CAIRO,122505,control,True
1,شوف هقولك على حاجه ربنا قال {وَمِنْ آيَاتِهِ أَنْ خَلَقَ لَكُم مِّنْ أَنفُسِكُمْ أَزْوَاجًا لِّتَسْكُنُوا إِلَيْهَا وَجَعَلَ بَيْنَكُم مَّوَدَّةً وَرَحْمَةً إِنَّ فِي ذَٰلِكَ لَآيَاتٍ لِّقَوْمٍ يَتَفَكَّرُونَ} و برضو قال (يَوْمَ يَفِرُّ الْمَرْءُ مِنْ أَخِيهِ * وَأُمِّهِ وَأَبِيهِ * وَصَاحِبَتِهِ وَبَنِيهِ) يعنى اولا المفروض لما اتنين يرتبطوا ببعض يبقوا قلب واحد و بيخافوا على بعض و حرفيا تسكنوا اليها  يعنى كل واحد مننا يكون كانه فى البيت اللى بيرتاح فيه و يسكن فيه و يشعر بالسكينه بعيد عن ضغوط الحياه و البنت بطبيعيتها حنينه و طيبه و عاطفيه و كأنها هى مصدر الشعور بالسكينه و الملجأ اللى حرفيا لو الدنيا كلها ضدك و هى معاك هتحس انك تقدر تكمل ️ و هى اللى فى يوم هتكون أم اولادك و هتكون الجنه تحت اقدامها مش أقدامنا احنا كرجال.  و الايه التانيه ربنا يستشهد ان الإنسان من أهوال يوم القيامه بيجرى من اقرب الناس اليه و هى بتكون بعد الأب و الأم مباشره و قبل الأبناء كمان علشان كده تلاقى الراجل احيانا كتير عنده الزوجه فى مقام اعلى من الأبناء نفسهم. و احنا كبشر بندرس و ننجح و نعمل فلوس و عايزين عربيات و لبس و فخامه و سفر علشان فعلا كل ده جميل لكن الحقيقه انك كل لحظه من دول بالفطره الطبيعيه اللى جوانا هتكون احلى مع انسانه بتحبك و تحبها ️ لو بعد كلللللللل ده و الانسانه اللى المفروض تبقوا لبعض شعله من الحب و ال  لبعض ما تحترمش دموعك يبقى ما تستاهلش ترتبط بيها أصلا و انت كراجل لو ما حاولتش كل يوم انك تكون سبب انك عمرك ما تشوف دموعها و تشوف ضحكتها برضو يبقى ما تستاهلهاش. الحياه الزوجيه المفروض ماتبقاش صراع مين اللى يمشى رأيه لكن المفروض تكون سباق ان كل واحد يسعد التانى و يبنوا حواليهم قصر كبير من الحب و الموده و الرحمه ‍️️,CAIRO,484777,control,True
3,"سلام عليكم انا كنت عاوز اتعلم مونتاج واشتغل بيه اونلاين 
كنت عاوز اعرف المواقع اللي بتدعم السحب في مصر يعني عشان حوار الدولار وكدا + هل لازم يكون ليا حساب في البنك ولا في مواقع بتدعم فودافون كاش مثلا ؟",EgyptianFreelancers,510281,control,True
1,اسف مكنتش واخد بالي إني بكلم ملحد أنا برضو كنت مستغرب الصياغات دي متجيش غير من ملحد لا أنا أصلا مش هخس معاك في نقاش خسارة فيك دا انت حتي بالأحاديث والسيرة مجبتليش حاجه وكله كلام انت بتقولو بطريقتك ف طالما مش هنجيب ادلة يبقي شوفلك كلبه تنيكك او قرد تنيكه طبعا,EgyptExTomato,376843,depression,True
1,"خبيييير لو أنك رافضة نبي أستغفرالله
عشان يسووا كل هذي المصخرة",SaudiForSaudis,402824,depression,True
1,في سبايك يصدقون اي شيء. وفي بعض المستعربين يدورون الزله على السعوديه,saudiarabia,382777,ocd,True
3,ما ده اللي بتكلم فيه ، هو ابويا عنده حق في حتة ان لو واحدة صغيرة هفضل شايفها صغيرة حتى لما اكبر بس الفكرة في الارتياح يعني والله مش سهل في الزمن ده تلاقي واحدة جميلة و في نفس الوقت مريحة,Misr,187708,anxiety,True
1,أولا جسدك ملك لله مالك حق انك تؤذيه والتبرع مؤذي وقد تحصل مضاعفات وشوفي كلام العلماء فيها. ثانيا، في دعاء كانَ النَّبيُّ صلَّى اللَّهُ عليْهِ وسلَّمَ يدعو بِهِ اللَّهمَّ بعِلمِكَ الغيبَ وقدرتِكَ على الخلقِ أحيني ما علمتَ الحياةَ خيرًا لي وتوفَّني إذا علمتَ الوفاةَ خيرًا لي وأسألُكَ خشيتَكَ في الغيبِ والشَّهادةِ وَكلمةَ الإخلاصِ في الرِّضا والغضبِ وأسألُكَ نعيمًا لاَ ينفدُ وقرَّةَ عينٍ لاَ تنقطعُ وأسألُكَ الرِّضاءَ بالقضاءِ وبردَ العيشِ بعدَ الموتِ ولذَّةَ النَّظرِ إلى وجْهِكَ والشَّوقَ إلى لقائِكَ وأعوذُ بِكَ من ضرَّاءٍ مُضرَّةٍ وفتنةٍ مضلَّةٍ اللَّهمَّ زيِّـنَّا بزينةِ الإيمانِ واجعَلنا هداةً مُهتدين. ثالثا، لا تخلي فترة ضعف تغلبك في ناس انسجنوا بيصدنايا وقعدوا فوق ال ١٤ سنة وفيهم يلي قعد ٤٠ سنة مع كذا عاش وان شاء الله حالهم للأفضل وتحملوا العذاب النفسي والجسدي وسوء التغذية والبرد والحر. إن بعد العسر يسرا، وعسى أن تكرهوا شيئا وهو خير لكم، لا تقنطوا من رحمة الله. اقرأي القرآن واجعليه ربيع قلبك ونور صدرك. عسى الله يفرج همك وييسر أمرك,SaudiForSaudis,864545,control,True
1,مستعد الصدق تقلب كذا لان هذي اسبوعين بس فكيف اللي بقى من ال٦ شهور,saudiarabia,866008,control,True
